{
  "data": {
    "0": {
      "score": 0.998083233833313,
      "part": "nose",
      "position": {
        "x": 276.67595985438993,
        "y": 158.03099915199755
      }
    },
    "1": {
      "score": 0.9829561114311218,
      "part": "leftEye",
      "position": {
        "x": 282.78807009792655,
        "y": 144.22095168180982
      }
    },
    "2": {
      "score": 0.9994845390319824,
      "part": "rightEye",
      "position": {
        "x": 228.5579815042885,
        "y": 125.29695627600327
      }
    },
    "3": {
      "score": 0.005445845425128937,
      "part": "leftEar",
      "position": {
        "x": 304.696326602289,
        "y": 176.54333668625702
      }
    },
    "4": {
      "score": 0.8861052989959717,
      "part": "rightEar",
      "position": {
        "x": 130.69012255817134,
        "y": 180.82185503852813
      }
    },
    "5": {
      "score": 0.22184234857559204,
      "part": "leftShoulder",
      "position": {
        "x": 287.146837571088,
        "y": 390.6143473391711
      }
    },
    "6": {
      "score": 0.013290118426084518,
      "part": "rightShoulder",
      "position": {
        "x": 52.19599977909075,
        "y": 376.49348563673095
      }
    },
    "7": {
      "score": 0.03311637043952942,
      "part": "leftElbow",
      "position": {
        "x": 356.0708702641787,
        "y": 533.0973304653564
      }
    },
    "8": {
      "score": 0.0076254066079854965,
      "part": "rightElbow",
      "position": {
        "x": -6.617601520049942,
        "y": 537.2054586766667
      }
    },
    "9": {
      "score": 0.005311699118465185,
      "part": "leftWrist",
      "position": {
        "x": 338.7958567860217,
        "y": 518.8677597837329
      }
    },
    "10": {
      "score": 0.0023396152537316084,
      "part": "rightWrist",
      "position": {
        "x": 26.194337165066937,
        "y": 514.9053340136263
      }
    },
    "11": {
      "score": 0.0012819974217563868,
      "part": "leftHip",
      "position": {
        "x": 231.0301574043749,
        "y": 509.6724092713036
      }
    },
    "12": {
      "score": 0.0011723499046638608,
      "part": "rightHip",
      "position": {
        "x": 88.25908317697913,
        "y": 514.4046371903163
      }
    },
    "13": {
      "score": 0.0017742043128237128,
      "part": "leftKnee",
      "position": {
        "x": 290.71123657754544,
        "y": 487.7804186334254
      }
    },
    "14": {
      "score": 0.0006979411700740457,
      "part": "rightKnee",
      "position": {
        "x": 92.9528987118942,
        "y": 486.8292897568699
      }
    },
    "15": {
      "score": 0.002309435047209263,
      "part": "leftAnkle",
      "position": {
        "x": 318.4256391954257,
        "y": 512.5737457354534
      }
    },
    "16": {
      "score": 0.00042517518159002066,
      "part": "rightAnkle",
      "position": {
        "x": 96.79295554705557,
        "y": 495.1277152631293
      }
    }
  }
}